trial_id,origin,destination,safest_distance,safest_risk,safest_nodes,shortest_distance,shortest_risk,shortest_nodes,balanced_distance,balanced_risk,balanced_nodes,distance_increase_safest,risk_reduction_safest,distance_increase_balanced,risk_reduction_balanced,safest_efficiency,shortest_efficiency,balanced_efficiency
0,5,382,5807.384833236044,476.2138588714518,23,3952.7145952398264,560.5344896745358,23,3987.77817959811,547.6797377119312,23,46.92143066007748,15.04289786914687,0.8870760464342647,2.293302588761039,12.194909335479204,7.0516884652983585,7.281222774934213
1,0,149,4855.6577652699925,362.9965082213691,17,3002.6844869499178,591.3736430903517,17,3448.490342300549,459.8054997014156,17,61.71055555032016,38.61807801841628,14.846909733212568,22.24788759630851,13.376596345408446,5.077474321071762,7.499889289144864
2,362,149,5196.811445601424,396.22148725648856,19,3128.689109540795,514.5398817593704,19,3305.2151599057715,434.35339856146834,19,66.10188048898766,22.99499002843371,5.642172941589766,15.584114281621812,13.11592534161919,6.0805570577791626,7.6095068459284265
3,147,47,1675.5131360163111,189.89233777170753,6,1675.5131360163111,189.89233777170753,6,1675.5131360163111,189.89233777170753,6,0.0,0.0,0.0,0.0,8.823489961088622,8.823489961088622,8.823489961088622
4,273,38,5071.144333484167,347.22843520414045,20,3058.365382946604,679.91473954666,18,3918.443178569187,404.16582308479474,18,65.81224603707543,48.930591586283526,28.122140030042285,40.556396327828345,14.604634354046409,4.49816014429368,9.695137378667196
5,329,98,7439.809224978767,471.8792546766343,26,3733.577953290586,725.3832243298663,22,4236.942643016081,542.7735471823046,22,99.26754759256325,34.94759199696513,13.482099370172657,25.174234945433525,15.766340968045016,5.147042043520916,7.806096419052261
6,40,164,2396.5863077856293,212.4576445902154,11,1924.872243311892,256.78392977999704,11,1924.872243311892,256.78392977999704,11,24.50625313512323,17.26209472211082,0.0,0.0,11.28030159803439,7.496077519185298,7.496077519185298
7,215,335,1691.7598659593477,130.5258306039012,7,1564.6864777694198,292.93243246559916,9,1691.7598659593477,130.5258306039012,7,8.121332292145889,55.441659530400536,8.121332292145889,55.441659530400536,12.961111667568916,5.34145865857025,12.961111667568916
8,327,66,4325.868236132343,363.5820454551888,17,2807.77146116485,494.3969445826999,15,2807.77146116485,494.3969445826999,15,54.06767594744644,26.45948777817116,0.0,0.0,11.897914900381137,5.679184493210762,5.679184493210762
9,285,219,4270.075604237831,419.51089265372656,21,3421.6474766310744,570.656271503169,23,3546.1320821944314,528.014285274402,21,24.795895351619087,26.486238108153888,3.638148184859872,7.472446787703478,10.178700193519038,5.9959868093941955,6.715977542826429
10,302,352,3581.688247186839,247.88380661004047,13,2478.6261770809224,612.8856664663952,17,2740.6847870183838,260.9304183373166,13,44.50296217741848,59.55464123688524,10.572736315005264,57.42592254739514,14.44906101842057,4.044190152743321,10.503508193802748
11,228,370,2893.6881245158547,200.1465246788707,10,1372.7289535955997,283.5290035337875,10,1372.7289535955997,283.5290035337875,10,110.79821452999843,29.408800445694194,0.0,0.0,14.457848464562119,4.841582118536296,4.841582118536296
12,179,30,5042.228538082957,311.4409826092836,17,2999.7245725415446,565.1155549189722,17,3260.206451013528,423.04328807545016,17,68.08971677726005,44.88897360931096,8.683526509611765,25.140392191804512,16.18999688428499,5.308161395365684,7.706555198748519
13,276,347,3528.0833340808167,284.08264554234404,16,2352.150081394945,322.6873614452463,14,2352.150081394945,322.6873614452463,14,49.9939719827947,11.96350415770862,0.0,0.0,12.419214582240071,7.289253817875537,7.289253817875537
14,388,304,1619.246439689877,155.01460959411074,9,1268.60201453736,210.92318296658243,9,1277.9090287131814,167.9355500832408,9,27.64022294891213,26.506604246214867,0.7336433388225052,20.38070556243804,10.445766653412226,6.014521479786082,7.609520605254569
15,383,35,9763.0128486189,607.506950977188,31,5593.415520648088,1138.5947389774446,33,6036.342570460969,802.809699246084,33,74.54474484469726,46.64414561384842,7.918722436726111,29.491181386708693,16.070619163969866,4.912560482820651,7.519020480357522
16,31,114,1810.8063925856056,157.19174788013953,8,1174.327920255924,232.65044705021333,8,1491.3123769937133,164.41571665664202,8,54.19938173580786,32.43436671917825,26.992840012584228,29.32929261848532,11.519729356062417,5.047606549419038,9.07037604019389
17,17,207,6046.188118026462,339.7560448743659,21,3657.4207494147545,739.4439647854082,21,4416.929804898748,389.60992228384924,21,65.31289485886873,54.052496057227884,20.766247788295274,47.31041960739827,17.795674894503218,4.9461770243485095,11.336800097408213
18,142,130,2880.584960251464,228.8736615486288,12,1805.7251480534846,357.28361778426927,10,1849.5415663117205,280.14171706378556,10,59.52510620769969,35.94062247577649,2.4265275535132593,21.591222457633812,12.585917229446805,5.054038467399857,6.602164025040932
19,360,254,4621.265954445345,405.7203224340407,21,3872.0166848301433,797.0869608608273,23,4364.645486812168,422.17448025942156,21,19.350362630166973,49.09961618292233,12.722796467072442,47.03532977085872,11.39027477529583,4.8577092274204245,10.338487262731139
20,254,132,3062.006004521252,222.57571740134816,11,2223.729401904188,290.4383515739133,9,2253.6799088292046,247.1716955904654,9,37.6968799305907,23.36558991084029,1.3468593300682177,14.897018850637917,13.757143143336917,7.656459244633448,9.11787210685842
21,294,248,1975.527113048236,173.2618353467168,9,1596.1122857358976,203.6032937858026,9,1596.1122857358976,203.6032937858026,9,23.77118644490647,14.90224341410018,0.0,0.0,11.401974988288563,7.839324482712251,7.839324482712251
22,100,154,4373.334254618863,372.30044367256846,19,3231.2370223726675,507.6811116337187,17,3310.626986797437,426.9134653924596,17,35.34551084734615,26.66647721548966,2.456952674009477,15.90912964662968,11.746787652139174,6.364698131026662,7.754796358447004
23,379,208,6126.843144497962,415.1950747521661,20,3343.4385852997893,687.1926114236929,20,3589.030638497181,570.0879727444863,20,83.24975883918022,39.58097513708934,7.345493178106952,17.041021211883354,14.756541002214764,4.865358750544498,6.295573332689456
24,183,48,3967.5455233124962,274.14340148544886,15,2494.823574968505,498.5396904438956,13,2936.9383140603086,305.8046332346562,13,59.03110597159493,45.010716951873206,17.72128272025748,38.65992234993962,14.472518768696638,5.004262695207146,9.603969315293787
25,255,87,5537.866698747253,373.342370752407,19,3369.403038542167,650.4336351285086,17,3685.7439537616947,414.192348470941,17,64.35750295824839,42.60100483908026,9.388633879679716,36.32058274644615,14.833212441402353,5.180241083129813,8.898628782902975
26,35,181,7787.998553870755,428.99929399742143,23,4316.221701548991,794.1814493274346,23,4733.226473159223,511.6242916823293,23,80.43555434318455,45.982206665652235,9.661338097173703,35.578413205747054,18.153872658628586,5.434805490866418,9.251371661019789
27,147,121,2724.331399848951,197.59667290579955,10,1392.2295339119746,319.9256743074431,8,1413.6652369871772,263.89065105640594,8,95.68119577193227,38.23669409041785,1.5396673144098005,17.515012939283032,13.787334370491775,4.351728059730729,5.357011441398164
28,367,26,6824.379006470911,511.3425825307036,23,4048.5111217418535,714.5080814892625,19,4048.5111217418535,714.5080814892625,19,68.56515398517055,28.434317850554926,0.0,0.0,13.34600176010403,5.666151617632464,5.666151617632464
29,207,268,1196.2876476859276,101.83354911855409,5,1060.0891550068804,161.12065232315985,5,1196.2876476859276,101.83354911855409,5,12.847833791693036,36.796712494493605,12.847833791693036,36.796712494493605,11.747480648967814,6.579474075617933,11.747480648967814
30,168,331,4042.7675061251575,268.45906304236246,14,2334.6489861289315,417.27216534883,14,2461.5054862156344,321.1470201694712,12,73.16382591750752,35.66331873156773,5.433643380242911,23.03655818954528,15.059158220660311,5.595026891326955,7.6647308915296275
31,314,363,4062.8933843060468,308.08177995077887,15,2563.2022206770357,682.9578721353425,17,3392.4040310009914,388.70704127074686,15,58.50849970131844,54.890075578523245,32.350229866176264,43.08477035993278,13.187710694722552,3.753089795513892,8.727405657254543
32,172,145,2305.5064657178336,203.45404384665517,9,1804.8234544960421,232.880323109884,9,1804.8234544960421,232.880323109884,9,27.741384342857867,12.635794587653551,0.0,0.0,11.331829154772224,7.750004081042265,7.750004081042265
33,253,18,4401.764022267819,360.7536080892918,18,2943.101259423639,676.1199581087575,18,3851.832715424889,425.538516020477,18,49.56209910119901,46.643549896324366,30.876662944964767,37.061683963479915,12.201580035696603,4.352927648602595,9.051666465931696
34,170,246,2758.135332180561,185.3537474341917,9,1571.2015316828251,467.5573211882616,11,1765.2190956987156,219.24266148025094,9,75.54306539062993,60.35700030038475,12.348356344083323,53.10892343144958,14.880386128474765,3.3604468596272543,8.051439823712064
35,81,321,5002.632140306565,369.7762501467351,17,3190.65813363243,550.2504697247952,15,3408.1763289609744,404.0229673313255,17,56.789976574872945,32.798558021826544,6.817345707949893,26.574716504395635,13.528808673681487,5.798555947127533,8.43560045972843
36,298,252,1760.260933402029,184.36597609797843,9,1526.2498884918027,224.32117893094517,9,1623.8038955383463,202.1451917279336,9,15.332420115127372,17.81160522755032,6.391745400416947,9.885819657642852,9.547645236160959,6.803859964384558,8.032859360433452
37,144,224,2056.3390217192996,128.65640609862936,7,853.789038109829,221.24888371251183,7,1050.7261760114575,145.63786874361614,7,140.84860895751837,41.849918544310505,23.066252799124722,34.17464246605815,15.983184079795361,3.8589529754158325,7.214649493815219
38,193,235,982.093716995535,77.13107064971003,5,982.093716995535,77.13107064971003,5,982.093716995535,77.13107064971003,5,0.0,0.0,0.0,0.0,12.732789895471614,12.732789895471614,12.732789895471614
39,70,257,4751.920358630378,329.58117386666777,17,3551.931395594173,751.6535013310838,17,3694.0719799505905,389.03628963438507,17,33.78412557530462,56.15251265602822,4.001782932314773,48.24260261603908,14.41805763017511,4.725490387930275,9.495443171695541
40,239,176,1630.7039878336918,130.8758079979434,7,1314.0913461962373,166.37847488004903,7,1314.0913461962373,166.37847488004903,7,24.093655479424626,21.338497607759265,0.0,0.0,12.459934443035621,7.8982052644949094,7.8982052644949094
41,169,321,5291.025159141907,341.28842684428315,17,3213.902577053021,439.41160843990644,17,3245.587141423897,378.6523869469231,17,64.62929514165603,22.330584743539504,0.9858595153786142,13.827404721669456,15.503089888119762,7.314104851402786,8.571416035676123
42,127,398,6597.964438199816,569.0539188741144,25,4357.105399798235,869.0666019756333,25,5025.319053933437,707.5940577428729,25,51.429993832725465,34.52125331010368,15.336182920113545,18.579996500347356,11.594620859924895,5.013546015798222,7.101980293564801
43,81,205,3520.8079046354947,234.0533648862585,11,2386.61308683662,494.08702148059166,13,2533.9615915920876,276.5595444433691,11,47.523196116477095,52.629121043315564,6.173958634860814,44.026146727225324,15.042757049643274,4.830349681488991,9.162444914682615
44,336,189,4183.498256200374,311.5818836593163,15,2762.003779465155,427.73414599493606,15,2922.464304454584,394.78765746074896,15,51.466058348786305,27.15524664635843,5.8095693489782825,7.702562173882923,13.426641520578944,6.457290831996971,7.4026232817198565
45,178,98,1368.0160426878595,160.6205543869964,7,1062.181382135294,170.72639080755727,5,1062.181382135294,170.72639080755727,5,28.7930729813536,5.919317085518531,0.0,0.0,8.517067120760803,6.2215418314124875,6.2215418314124875
46,291,145,3583.771652622252,295.2426447640723,14,2033.6201575133541,436.4645974140237,14,2180.8951900104917,389.5832061055245,14,76.226206225472,32.35587799942235,7.242012819012414,10.741167001003799,12.138394355212593,4.659301509359975,5.598021567232966
47,132,45,4256.636622298131,236.9143765076321,14,2640.1169441664233,399.03325056266215,12,2640.455419582702,327.26814438125274,12,61.229093722668395,40.62791103910067,0.012820470586591333,17.98474339675104,17.966983198932233,6.616283080278877,8.068171207359216
48,158,68,4434.2074482891385,334.5359326596265,17,2772.970955242126,559.062679083684,17,3033.452833714109,416.99041224016196,17,59.90818222984089,40.161283309424576,9.393602842451658,25.41258291044961,13.254801698090596,4.960035893984349,7.2746344872001965
49,322,64,3081.458805206538,310.3242115455552,16,2610.5800961955106,320.41350776364783,16,2610.5800961955106,320.41350776364783,16,18.03732088884211,3.1488361051042064,0.0,0.0,9.929804670603936,8.147534460754377,8.147534460754377
50,83,236,5195.169936661502,434.99021346318443,21,3377.4274157190703,808.9452881914992,21,3430.558870868726,637.0905189588339,21,53.82032823214429,46.227486603493205,1.5731338859385608,21.244300664247483,11.943188089911354,4.175099929526435,5.384727552491476
51,68,107,1155.3098817843963,85.84945093592496,4,979.960122081278,197.03473005761143,4,1155.3098817843963,85.84945093592496,4,17.89356074313551,56.42927979710824,17.89356074313551,56.42927979710824,13.457393951729282,4.973540054561677,13.457393951729282
52,230,45,4601.312453901936,329.9552784136535,15,3109.8983760603314,452.67556594751625,15,3302.4429028772674,394.4953817005884,15,47.957003653957074,27.10998710014118,6.19134465290324,12.852512621296054,13.94526093361486,6.870038080254804,8.371309414678358
53,165,137,3743.6095646150247,336.9595146838222,15,3385.399095636343,378.39872311252304,15,3411.144880882509,356.69639517262124,15,10.581041078447791,10.951201972311685,0.7604948344007981,5.735306863984387,11.109968413053272,8.946645136087415,9.563160511425142
54,133,24,4076.0175694228597,263.79916603838836,15,2594.8456548003433,404.6702321198082,15,2706.767467838248,330.1664080506154,15,57.081310862648714,34.81132411037168,4.313235850111347,18.410996944083323,15.451214765514887,6.41224742726345,8.198191584115648
55,330,295,2810.612714081413,177.0577459993105,10,1367.9518357391457,242.9354708193355,10,1467.6095827813685,206.06032332289297,8,105.46137960791242,27.117375901445236,7.28517952449508,15.178988631044982,15.873989009734474,5.630926727684218,7.122232747745667
56,397,218,3637.473440229319,287.5477875202305,13,2281.0379162356585,484.8684057665235,13,2602.14214865486,404.1244443840612,11,59.46571577521838,40.69570545318391,14.077110693061702,16.65275782504637,12.649978883852144,4.704447411106503,6.43896251468002
57,323,343,94.63014481424716,34.00212906097479,2,94.63014481424716,34.00212906097479,2,94.63014481424716,34.00212906097479,2,0.0,0.0,0.0,0.0,2.7830652793697226,2.7830652793697226,2.7830652793697226
58,291,193,1559.1899889962624,176.93755307478673,8,1559.1899889962624,176.93755307478673,8,1559.1899889962624,176.93755307478673,8,0.0,0.0,0.0,0.0,8.812091960700027,8.812091960700027,8.812091960700027
59,365,350,1822.7792563907408,176.3442033016391,7,1026.1294146839969,325.19400920326774,9,1398.5098754788696,185.02809284282088,9,77.63639072290675,45.77261625031587,36.2898144684362,43.10224431989271,10.336485250228796,3.1554376330549134,7.55836507846885
60,179,300,5980.666669209571,551.0044452194924,27,4496.833332514797,833.0767740593147,27,5209.231909069973,611.7176562777818,27,32.9972944731078,33.8591037012561,15.842227716204377,26.57127466210843,10.854116915204152,5.397861844837153,8.515745549617508
61,299,233,1848.364552572636,203.6525408484917,10,1483.7530815713071,285.97366665781635,10,1552.825841680566,229.10564145177605,10,24.5735948608917,28.786260906961946,4.655273236980262,19.885755870692144,9.076069195462363,5.188425559989415,6.7777721746210995
62,129,341,5440.37835070492,390.9075872661143,20,3128.5457270650227,552.0182957812624,20,3305.0717774299997,471.8318125833604,20,73.8948005023629,29.185755208915808,5.642431524585101,14.526055351918258,13.9173004769573,5.667467457101659,7.004766718323131
63,84,154,3819.949544838529,311.0265132779295,14,2653.7657199079217,390.19435717786956,14,2811.0294145120615,353.7397142759929,14,43.944490509549226,20.28933592800562,5.926057956977318,9.342688388817177,12.281748924166696,6.80113812793609,7.946603960670514
64,253,83,5611.383581478911,400.01402293388446,19,3070.9357488900387,700.1798311200542,19,3171.610481819704,608.649669046814,19,82.72552864406536,42.869816416448984,3.278308019503611,13.07237912392057,14.027967170556861,4.385924318867577,5.210896584872309
65,218,181,6237.42159116322,447.16692185744444,21,3846.371771724546,735.2647185316034,21,4016.3449755343213,582.1607448993502,21,62.163773065717756,39.18286698830305,4.419052912650897,20.822972974688224,13.94875445002547,5.231274770542686,6.899030913238073
66,73,23,4225.868831025335,284.814585619374,15,2447.945845707572,420.1277997633247,13,2605.9761122490145,388.05117836053955,13,72.62917962157202,32.207631634987784,6.455627554773957,7.634967602918732,14.837262711934223,5.826669520766303,6.715547478193183
67,155,3,5539.087482496396,330.6278893118018,20,3649.960860487509,600.6362126320071,20,3934.5255881757867,422.9495916558735,20,51.757448756767346,44.953720345468376,7.796377511025414,29.583068293119574,16.7532372844467,6.07682451328278,9.302587508766418
68,60,74,5611.120532363156,391.97132935316245,19,3575.2926201781765,559.187577511341,19,3669.2717190930557,504.9007980507119,19,56.94157453561165,29.903426843345287,2.628570830384106,9.708151905346668,14.315129990815194,6.393726835080962,7.2673121794600855
69,307,55,7082.9407155836125,397.7293935531395,22,4252.197625190302,913.8709802049783,22,5108.2890642612265,517.074242090229,22,66.57129653673198,56.478605605363455,20.132917482465594,43.419338912124026,17.808441695263543,4.652951803149004,9.879217815243319
70,143,82,1021.4195113034843,74.7647975333207,5,942.0295468787153,155.5324437745797,5,1021.4195113034843,74.7647975333207,5,8.427545047585468,51.929773802255205,8.427545047585468,51.929773802255205,13.66177057923904,6.056804124058142,13.66177057923904
71,189,332,3888.327021481889,212.72391496729503,13,2006.5032817211356,299.6400245645739,11,2006.5032817211356,299.6400245645739,11,93.7862278573781,29.0068423681323,0.0,0.0,18.278748875412973,6.696379379346648,6.696379379346648
72,266,34,5990.524182076782,415.59682346793716,21,3720.274877498001,793.895682068144,21,4131.517362940005,518.869863829767,21,61.02369796141499,47.6509530338692,11.05408871611598,34.64256380912904,14.414268453952571,4.686100405290618,7.962530975388253
73,136,190,2570.729825032924,248.74647124470306,10,2365.485035971042,300.50548628802176,10,2398.4393441366847,269.498224261108,10,8.676647112148311,17.223983389677578,1.3931311196020564,10.318368030457384,10.334738869537498,7.871686687622818,8.89964804299755
74,308,354,2542.3585092852277,129.29556738142537,9,1682.0112849985067,205.96955114819428,9,1749.7794132308586,175.44226744319292,9,51.14990796791739,37.22588282556497,4.028993671847577,14.821260489632811,19.6631528889556,8.166310387248968,9.973533964940495
75,336,305,3284.6612404941147,253.15160395936678,13,2663.381893147013,373.29014088073137,15,2665.303869541917,337.86217250942195,13,23.326709134190548,32.18368870871134,0.07216300448121676,9.490732406626535,12.97507576140554,7.1348841061355035,7.888731223580792
76,329,266,1671.386132808221,151.3888846926177,7,1197.7269699069545,221.53580737427893,7,1318.5090693043344,175.44983374653776,7,39.546505572807014,31.663920841089972,10.084276503080064,20.80294566100555,11.04034907319536,5.406471234166792,7.515020340282045
77,63,238,5758.332584382907,497.86522741550135,24,3832.8336343314927,729.33328954477,24,3864.5774837033537,705.3655736676853,24,50.23695609442365,31.736939126108542,0.8282083805444792,3.2862500890429156,11.566046928554018,5.255256669723445,5.478829174506961
78,54,32,693.8964367153008,64.46899378099315,4,693.8964367153008,64.46899378099315,4,693.8964367153008,64.46899378099315,4,0.0,0.0,0.0,0.0,10.763258366844193,10.763258366844193,10.763258366844193
79,242,65,2927.1038992885515,246.91893727116707,13,2456.225190277524,257.0082334892597,13,2456.225190277524,257.0082334892597,13,19.170828101385283,3.9256704274084058,0.0,0.0,11.854513597205377,9.556990283660188,9.556990283660188
80,354,32,4935.386138201491,469.20538132423013,19,3871.4980645547625,589.4646801812696,19,3882.5756243318533,560.687341607046,19,27.4800104741646,20.40144268186821,0.2861310942787393,4.881944506899732,10.518605145304253,6.567820252375793,6.924671445593167
81,360,65,4398.556502777698,399.3087730920468,21,3921.295198844362,448.73965998525927,21,3927.677793766671,409.3980693101394,21,12.171011865518038,11.015493236063918,0.16276751936937023,8.767130294748672,11.015426655210913,8.738463631614762,9.593786801156748
82,265,60,4759.287900106784,286.90053597343433,16,3046.299069260066,440.0001670783496,16,3243.2362071616944,364.389152109454,16,56.23180101167139,34.79535749304687,6.464799857929367,17.18431505855127,16.588633701776953,6.923404346611578,8.900474090368919
83,259,83,6130.263890290638,534.4218903349525,25,4194.74974430047,966.3315130627068,25,4236.508789611086,741.9222365871366,25,46.14134963879568,44.69580230896671,0.99550742847902,23.222804331851272,11.470832316483994,4.340901323817499,5.710179019703126
84,95,20,6375.255790476961,440.2777377705755,21,3974.982397144493,679.0891363817722,21,4086.904210182398,604.5853123125793,21,60.384503716463044,35.166428943864155,2.8156555641178733,10.971140617291237,14.480077559131653,5.853403013223623,6.759847000830563
85,323,146,3656.4685003107493,269.67522622202205,13,2254.0108235756043,406.78936153511603,15,2448.5260626358745,349.26505837868996,15,62.220538697786054,33.70642113049892,8.629738465572448,14.141053969392042,13.55878532683755,5.540977804998539,7.010509651329235
86,307,343,1396.5750825593113,142.42432827638547,7,1071.2494737434304,178.82251703849295,7,1071.2494737434304,178.82251703849295,7,30.368799872456048,20.35436552672642,0.0,0.0,9.805734030559364,5.990573734698273,5.990573734698273
87,235,1,7281.807417302749,509.1614521504335,26,4452.505285541281,1061.4934087722772,26,4762.178483022434,747.9257305812581,26,63.54404880661507,52.033479629484525,6.955032675351591,29.540237894994693,14.301568562482837,4.1945670587734005,6.367180975738672
88,71,79,2662.4174144692265,181.85346181387823,11,2351.9247346806605,225.12341934712916,11,2383.971918257123,200.75630891153565,11,13.201641838709776,19.22054918086101,1.3625939258984718,10.82388962741394,14.64045494604955,10.44726817628027,11.874953923902003
89,115,248,3938.1147298663964,275.16355063193544,15,2748.7328246334655,446.0432388019097,15,3200.5205678774246,300.2592255806779,15,43.270189615155886,38.31011733951266,16.436218871297665,32.68382984860697,14.311905486108884,6.16248064204868,10.659191442620516
90,96,16,1035.3588512387407,50.816872587079594,5,1035.3588512387407,50.816872587079594,5,1035.3588512387407,50.816872587079594,5,0.0,0.0,0.0,0.0,20.37431267468406,20.37431267468406,20.37431267468406
91,52,183,5758.302072060212,327.69739341182066,17,3087.081380026023,628.6666262532857,17,3727.2731348049306,410.9556527015984,17,86.52900144834119,47.87421826973308,20.737767359197733,34.63059186857057,17.572010604380043,4.910522129072361,9.069769719194895
92,346,331,1553.7049888091776,132.33922179210697,7,1385.5138500683724,323.32148674704456,9,1435.5842844858016,149.2931967610847,7,12.139260732218972,59.06884410201771,3.613853041956837,53.825154565775435,11.740321333080745,4.285251388666136,9.615872093509932
93,193,152,1171.4982574233545,88.5827016385578,4,815.1238472900036,114.2262278499838,4,815.1238472900036,114.2262278499838,4,43.72027776124682,22.449770682355283,0.0,0.0,13.224910007863558,7.1360480218302085,7.1360480218302085
94,349,37,7940.777858815786,485.95987967097074,27,4399.626363776924,951.8236904638065,27,5207.397366818029,578.1033626967796,25,80.48755058370247,48.94433869006021,18.359990968589013,39.263608534992414,16.3403980266689,4.622312312517737,9.007727169283662
95,90,22,3805.8742350019147,211.0352665730147,14,2419.345111221278,416.8235304041447,12,2660.674248606676,285.8209318303061,12,57.31010087604746,49.37059662433197,9.974977784941807,31.428791567218102,18.034304392840166,5.804243126283019,9.308885222536246
96,157,246,4870.4579996366,375.059919908574,17,3085.721970212141,606.0366645954483,17,3671.677263578021,417.9820953393202,17,57.83852358227076,38.11266845398863,18.9892446248356,31.030229727381496,12.985813042416906,5.091642388125104,8.78429316594849
97,302,275,3386.790207111302,327.7224660597118,16,2981.9402520658523,459.9644489708098,18,3130.169739478124,344.17662388509257,16,13.576729270983034,28.750479130940477,4.970907358374473,25.17321183078333,10.334324185435067,6.482979844938172,9.094661061360076
98,383,81,5471.34833897011,419.44193952054326,18,3541.932365272543,701.0115046502567,20,3680.597034567122,532.9395323419442,20,54.47354084495915,40.166183188418856,3.9149440190936367,23.97563680387324,13.044352086546978,5.052602335021102,6.906218831981075
99,98,206,6358.297647711545,359.78555979156954,21,3908.8860364090033,654.0860295995348,19,4168.661224207181,516.0371385448527,19,62.66265090585132,44.99415313734054,6.645760080455718,21.105616816063584,17.672464818752108,5.9761038449364605,8.078219400956643
100,48,350,5896.528264255248,450.26154061854714,20,3669.5340036277885,704.7375922845371,20,4210.590525253735,498.1830461627911,18,60.688748446691065,36.10933409143946,14.744556695510797,29.30942642809238,13.095784854631129,5.206950847807502,8.451894454629517
101,153,7,3758.00178576692,273.57112167033023,14,2033.2384218248867,422.8125006491118,14,2145.1602348627916,348.3086765799191,14,84.82838733659239,35.29729578705991,5.504608403841399,17.621007882882527,13.73683655943605,4.808841788507697,6.158790690850294
102,101,318,6865.107607685639,565.3449179123272,28,4461.9985368841035,909.1663102411458,28,4688.66353380601,781.5172726913876,28,53.857235741714774,37.81721654838089,5.079898503960301,14.040229616064497,12.143219811786242,4.907791332149792,5.999436861656557
103,204,272,3298.1727698835934,282.29002274862233,14,1920.2443861730244,513.6273168147433,14,1920.2443861730244,513.6273168147433,14,71.75796964347487,45.039912499350265,0.0,0.0,11.683632094998263,3.738594742354064,3.738594742354064
104,290,1,6444.723720365867,486.6174816157914,24,3732.835948392344,886.6380226603616,24,4168.396572592838,674.0760065164242,24,72.64952999452005,45.116556116588214,11.668356987080593,23.973934199905397,13.243921486269775,4.210101363792128,6.1838672973019895
105,186,294,4476.363099764414,271.2733268493163,14,2197.20951256438,422.4405771336504,14,2344.4845450615176,375.55918582515113,14,103.7294611263546,35.78426374427291,6.702821540457092,11.097748144034721,16.501302032731335,5.201227418712748,6.2426499831455
106,231,117,3693.299311154161,313.1514230615252,13,2763.544461953072,458.3863403250964,13,2839.2327179894082,422.7876196130027,13,33.643563981018985,31.68395401149341,2.7388108669272175,7.766095448404162,11.793972625276988,6.02885430659455,6.715505814924976
107,72,137,2251.6730725719335,168.6230277735048,9,1470.2164992765995,301.34369683913997,9,1618.7765647106778,233.77525406481072,9,53.15248289485523,44.04295509007534,10.104638705059786,22.422384633582663,13.353295230805552,4.8788692602434445,6.924499221213106
108,342,112,6669.789731426474,419.55244747060544,23,3910.3757337323277,703.7001153691319,23,4292.050520016055,494.85081185650466,23,70.56646689704097,40.37908502394865,9.760565538274529,29.678736574183105,15.897392022468825,5.556878062583671,8.673423216006869
109,111,382,7245.188922242401,463.46527550109107,24,3937.791187578565,856.9456595317956,24,4248.152984658385,641.9694790476204,24,83.99119143485177,45.91660855668353,7.8816215054478,25.086325847269066,15.632646727220331,4.595146896163793,6.617375316597042
110,280,43,3848.0368135833073,322.9624183768263,16,3215.7396393978765,402.87709242883733,16,3337.682676407986,334.1918826340786,16,19.662573625015977,19.835993545879468,3.7920680989255215,17.048675907749967,11.914812977073675,7.981937170989419,9.98732419860288
111,189,27,3138.0171474587787,248.68495718278984,11,2525.412220099396,415.71243380386846,13,2771.770337952267,253.9318669407735,11,24.25762109186561,40.17860978867944,9.755164558567568,38.91646092534784,12.618443765186228,6.074901818526977,10.915409599216424
112,316,70,5599.8925147282625,397.29963242096034,19,4054.841887524708,854.5414626112463,19,4230.744565795429,477.75176944170124,19,38.103843998384264,53.50727263637732,4.338089699919248,44.09261687761507,14.094884711080919,4.7450499068052405,8.855528825648221
113,343,108,5616.47236173358,408.11063476729083,20,3275.2180424400817,587.2452196024229,20,3490.518071443523,467.0744526713941,20,71.48392225969886,30.50422189156514,6.573609030409458,20.463472995554888,13.76213184186233,5.577257903704131,7.473151339106197
114,39,11,3188.8990542259216,188.83873167102448,12,2560.4260201351703,360.0225701567844,10,2752.4062905189185,195.87012703594712,10,24.545643152680228,47.548085224549105,7.497981541900323,45.59504229119618,16.886890872478933,7.1118486238797285,14.052200466555997
115,203,164,736.8579639199805,49.42649074723249,4,464.70490922266714,68.24475769327866,4,464.70490922266714,68.24475769327866,4,58.564704029607974,27.5746703221126,0.0,0.0,14.908158616566137,6.809386170161981,6.809386170161981
116,260,175,6559.576435085589,465.80166097409926,23,4051.753490700493,708.3468109356464,21,4596.8408473439595,508.41870652297297,23,61.89475618743844,34.24101671908035,13.453122404769704,28.224607117040723,14.082338009203303,5.7200137392424795,9.04144711507827
117,140,120,201.47192518726425,11.901249114183033,2,201.47192518726425,11.901249114183033,2,201.47192518726425,11.901249114183033,2,0.0,0.0,0.0,0.0,16.92863692325916,16.92863692325916,16.92863692325916
118,280,345,2310.1627113574273,205.40547578053585,9,1427.8172849977689,258.3164629006825,9,1466.5912636362332,218.3321791675558,9,61.79680240816228,20.48301007454173,2.715612077670351,15.478798092903526,11.246840925631922,5.527395617625563,6.717247403602927
119,248,260,2118.154317922157,244.27635089379731,10,2045.8929114576868,320.96894534759235,10,2118.154317922157,244.27635089379731,10,3.5320229157539114,23.89408556978652,3.5320229157539114,23.89408556978652,8.671139511344082,6.374114820491725,8.671139511344082
120,211,269,1223.431080544356,140.60459039668046,6,881.5186200833517,210.2596774634754,6,1223.431080544356,140.60459039668046,6,38.78675420703818,33.12812418771776,38.78675420703818,33.12812418771776,8.701217201321473,4.1925234106595735,8.701217201321473
121,94,172,1925.8696334459348,148.17869312440234,7,1718.4277479258355,197.1875810731296,7,1763.7696336175588,168.71813783659667,7,12.071609398212075,24.85394246534809,2.6385680600450927,14.43774657693816,12.996940334931184,8.71468547143714,10.453942037493134
122,79,396,5756.229036318986,439.2132278903782,22,4263.917776521574,562.7196933959299,20,4263.917776521574,562.7196933959299,20,34.99859373495735,21.948132783519352,0.0,0.0,13.105773393864322,7.577338818176884,7.577338818176884
123,27,101,2772.4532567310557,200.8224888976981,11,2282.9267788769553,213.7711740269671,11,2282.9267788769553,213.7711740269671,11,21.442933798118315,6.057264356716087,0.0,0.0,13.80549196431573,10.679301310236363,10.679301310236363
124,369,337,3264.322405276769,215.66278756678798,11,2134.1523410191503,438.01126585762796,11,2154.5731602220685,380.63915587914227,11,52.95639128169799,50.76318707362029,0.9568585527107397,13.098318342600358,15.136233942380303,4.872368606411232,5.660408623084938
125,194,198,1636.1398896259666,129.19078031299756,5,1185.340731347161,175.11357963349303,7,1185.340731347161,175.11357963349303,7,38.03118768781904,26.224579165482414,0.0,0.0,12.664525174799634,6.768982358924077,6.768982358924077
126,293,200,4702.444716575759,425.3214300927257,18,2967.4607332945216,653.0502235062852,18,2979.0701850316063,609.7818554443081,18,58.466956742340145,34.87155891178831,0.39122511738161353,6.625580469089394,11.056213921669935,4.544000792713857,4.8854687269449055
127,194,185,3608.0611549032656,266.7975023713406,12,2288.4704747915403,361.9683750338229,12,2288.4704747915403,361.9683750338229,12,57.66256085221849,26.292593283484884,0.0,0.0,13.523594197225302,6.322293969957188,6.322293969957188
128,203,347,2723.333874804329,248.23071260580863,12,1977.0527927688013,406.6382603586395,12,2381.9964638276338,261.1516530949387,12,37.747149937781074,38.955396772827385,20.48218805992132,35.7778943711266,10.970978756883294,4.861944842635112,9.121123437658984
129,69,62,3529.8420705879785,229.75668326652016,12,2469.296026778345,362.501623525668,12,2581.704492768893,261.2822912256335,8,42.94932775611001,36.61912985880694,4.5522474734309455,27.922449371559114,15.363392352305699,6.811820600311048,9.880901153532179
130,297,145,5052.0704166752,419.57681956300524,20,3141.7431430451443,604.5654675919025,20,3289.018175542282,557.6840762834032,20,60.80469302078162,30.598613044463434,4.687685332365865,7.754559898241727,12.040871137583334,5.196696323988362,5.89763687975712
131,33,176,3897.740545691795,214.41059530860537,11,1981.1871563153095,446.20130214603734,11,2132.713210465634,295.12495719407787,11,96.73762437169073,51.94756396330935,7.648245329438668,33.85833798004329,18.17886163732581,4.440119620419409,7.226475289458949
132,47,137,4833.421713512802,314.20271301445393,17,2479.860448703167,539.1427499032413,15,2740.342327175151,397.0704830597193,15,94.90700438568712,41.721795745033546,10.503892612513805,26.351512075237842,15.383131695907588,4.599636087378012,6.901400240226378
133,143,248,2615.6368761475715,230.9255499869424,11,1614.470004861217,365.1687529175412,11,1750.668497540264,305.8816497129355,11,62.012107271848436,36.76196329999579,8.436111681787178,16.235535688891037,11.326753909627893,4.421161427319003,5.723352476957135
134,53,140,5251.751732269002,363.8369631807746,19,3472.542356708273,661.292840838799,19,3933.6306826578384,442.13143062119826,21,51.23650607525764,44.98096142712274,13.278119561560795,33.14135533958168,14.434354570125514,5.251141615722954,8.896971375979888
135,199,303,5063.3966822018165,420.3178412374657,23,3970.316386383156,726.3604958374527,25,4339.4531601584185,528.8212338581413,23,27.531314621866326,42.1337140929088,9.297414559738288,27.195760660353606,12.046589950344659,5.46604118634729,8.205898103786234
136,273,64,6080.115593295285,442.4339120542459,22,3369.9471231935313,712.3014902881156,24,3548.9660050625293,641.4523831025318,24,80.42169123215982,37.8867069511131,5.312216344194468,9.946505538957434,13.742426671285122,4.731068471905677,5.532703749414945
137,345,139,6314.896633831427,480.34228938516384,26,5000.653068091057,712.0405980739853,26,5254.101365729666,562.9709781581269,26,26.281438601019907,32.540041862156095,5.068303963253342,20.93555062998939,13.146659732821918,7.0229886913996715,9.332810339388221
138,252,303,3063.0317173884223,263.8394994601442,13,2681.9266441918867,322.935643514292,15,2806.411249755244,280.293657285525,13,14.210122936131592,18.299665967820733,4.641611128065248,13.204484263403959,11.609450911087428,8.304833170492666,10.012396559143166
139,106,145,1226.5219054594836,54.606874548812506,4,536.2754212511315,106.62166874509911,4,536.2754212511315,106.62166874509911,4,128.7111914616571,48.784449548091956,0.0,0.0,22.460943161343334,5.029703882549499,5.029703882549499
140,192,281,5846.0679943854975,393.92643164727025,19,2657.0771743658597,632.3072516072889,17,2945.695020434777,525.0357262256579,17,120.01875033158286,37.70015595330723,10.862230455831561,16.965094913738998,14.840507071178676,4.202193107246076,5.610465866028955
141,218,211,1536.5040388090113,220.83133166744298,8,1536.5040388090113,220.83133166744298,8,1536.5040388090113,220.83133166744298,8,0.0,0.0,0.0,0.0,6.95781720468399,6.95781720468399,6.95781720468399
142,367,160,4689.028416113821,404.3816128057783,18,3244.5048799892515,716.277740302864,18,3858.7296090765294,421.37867978349345,18,44.52215637072349,43.54402069861986,18.93123147619715,41.17104915122425,11.595552981697832,4.529674311276763,9.157391662670651
143,59,272,5141.370369607505,350.3561269780958,21,3399.074887501427,638.1196983410438,19,3920.790252508898,404.364697728879,19,51.25793163641639,45.095547451530386,15.348745828632529,36.63184214809087,14.674698039258045,5.326704216055696,9.696173465512894
144,327,249,2191.3339275905128,115.39582424120628,7,1090.643578514279,140.20066413847343,7,1090.643578514279,140.20066413847343,7,100.92117817038275,17.69238401949929,0.0,0.0,18.989715979757413,7.779161284407839,7.779161284407839
145,175,218,1490.6991257468535,135.8347839554845,6,1275.8143845374727,186.69987486791223,6,1295.2650712865473,150.71064196793856,6,16.842947047291993,27.24430905399059,1.52457026545645,19.276516883278898,10.97435489156726,6.833504229395413,8.594383610694829
146,247,62,3575.122329912886,342.5990358262577,15,2557.831591466447,444.0228441293839,15,2589.5754408383077,420.05512825229914,15,39.77160739746783,22.84202482914872,1.2410453243976562,5.3978564828301465,10.435295946734474,5.7605855763608425,6.164846627661982
147,387,374,2794.2335678968243,175.74524461726554,9,1891.2842969131711,397.6352975837823,11,2328.9595737740665,188.4499561089179,9,47.74265151238167,55.8024034372261,23.141696759986846,52.60733711166292,15.8993409692652,4.756328998973425,12.358504198472746
148,90,19,4560.706129810446,330.58486192799063,16,2741.1517266187548,490.0421385617865,14,3102.610686948147,352.21891304524263,14,66.37919329756092,32.53950305208107,13.186390115488292,28.124770233237108,13.795871060798538,5.593706154870066,8.80875663411526
149,244,194,4834.764645972325,334.8695271561203,16,2562.8708095481957,473.976506469299,14,2587.5299121000503,428.2617713161902,14,88.6464439783696,29.34891865198157,0.9621672095208632,9.644936938677125,14.437756361504634,5.407168445202676,6.041935296133751
